{
  "$schema": "http://json-schema.org/draft-04/schema#",
  "title": "group",
  "type": "object",
  "properties": {
    "name": {
      "type": "string",
      "minLength": 3
    },
    "description":{
      "type": "string",
      "maxLength": 255
    },
    "price":{
      "type":"number",
      "minimum": 1,
      "maximum": 1000
    },
    "dueDate": {
      "type": "string"
    },
    "done": {
      "type": "boolean"
    }
  },
  "required": [
    "name",
    "dueDate",
    "done"
  ],
  "additionalProperties": false
}
